-- 供应商表数据
INSERT INTO Supplier (SupplierID, SupplierName, Address, ContactNumber)
VALUES ('SUP001', '绿源蔬菜供应', '海淀区中关村南大街5号', '13800138001'),
       ('SUP002', '丰登粮油批发', '朝阳区建国路88号', '13900139002'),
       ('SUP003', '鲜美肉类配送', '东城区王府井大街15号', '13700137003'),
       ('SUP004', '海洋水产公司', '通州区运河东大街57号', '13600136004'),
       ('SUP005', '田园水果基地', '昌平区城北街道100号', '13500135005'),
       ('SUP006', '康美调味品厂', '大兴区黄村镇兴华大街', '13400134006'),
       ('SUP007', '美味豆制品厂', '顺义区光明街道拥军路', '13300133007'),
       ('SUP008', '香满园米业', '房山区良乡西路14号', '13200132008'),
       ('SUP009', '乐哈哈奶制品', '密云区鼓楼街道长安街', '13100131009'),
       ('SUP010', '鑫源干货批发', '怀柔区龙山街道府前街', '13000130010'),
       ('SUP011', '兴盛厨具用品', '平谷区滨河街道文化南街', '13800138011'),
       ('SUP012', '清泉饮用水', '门头沟区永定镇石龙路', '13900139012');

-- 食材表数据
INSERT INTO Ingredient (IngredientID, IngredientName, Unit, Stock, Threshold, SupplierID)
VALUES ('ING001', '大白菜', '公斤', 200, 50, 'SUP001'),
       ('ING002', '大米', '公斤', 500, 100, 'SUP008'),
       ('ING003', '猪肉', '公斤', 100, 30, 'SUP003'),
       ('ING004', '草鱼', '条', 50, 10, 'SUP004'),
       ('ING005', '苹果', '公斤', 80, 20, 'SUP005'),
       ('ING006', '酱油', '瓶', 30, 5, 'SUP006'),
       ('ING007', '豆腐', '块', 120, 30, 'SUP007'),
       ('ING008', '面粉', '公斤', 200, 50, 'SUP002'),
       ('ING009', '鸡蛋', '个', 500, 100, 'SUP003'),
       ('ING010', '土豆', '公斤', 150, 40, 'SUP001'),
       ('ING011', '牛肉', '公斤', 80, 20, 'SUP003'),
       ('ING012', '西红柿', '公斤', 100, 30, 'SUP001'),
       ('ING013', '食用油', '桶', 20, 5, 'SUP002'),
       ('ING014', '盐', '袋', 50, 10, 'SUP006'),
       ('ING015', '白糖', '袋', 30, 10, 'SUP006'),
       ('ING016', '大葱', '公斤', 30, 10, 'SUP001'),
       ('ING017', '大蒜', '公斤', 20, 5, 'SUP001'),
       ('ING018', '生姜', '公斤', 15, 5, 'SUP001'),
       ('ING019', '牛奶', '箱', 40, 10, 'SUP009'),
       ('ING020', '面包', '个', 100, 30, 'SUP002');

-- 菜品表数据
INSERT INTO Dish (DishID, DishName, Price, DishStock, SeasonalAttribute)
VALUES ('DISH001', '鱼香肉丝', 18.00, 50, 'none'),
       ('DISH002', '宫保鸡丁', 16.00, 45, 'none'),
       ('DISH003', '糖醋排骨', 22.00, 30, 'none'),
       ('DISH004', '麻婆豆腐', 12.00, 60, 'none'),
       ('DISH005', '红烧肉', 20.00, 35, 'winter'),
       ('DISH006', '清蒸鱼', 25.00, 25, 'summer'),
       ('DISH007', '炒青菜', 8.00, 80, 'spring'),
       ('DISH008', '番茄炒蛋', 10.00, 70, 'none'),
       ('DISH009', '土豆丝', 8.00, 75, 'none'),
       ('DISH010', '牛肉面', 15.00, 40, 'none'),
       ('DISH011', '饺子', 16.00, 50, 'autumn'),
       ('DISH012', '汉堡', 12.00, 45, 'none'),
       ('DISH013', '披萨', 30.00, 20, 'none'),
       ('DISH014', '寿司', 28.00, 25, 'summer'),
       ('DISH015', '沙拉', 15.00, 30, 'spring'),
       ('DISH016', '炸鸡', 22.00, 35, 'none'),
       ('DISH017', '奶茶', 8.00, 100, 'none'),
       ('DISH018', '咖啡', 10.00, 80, 'winter'),
       ('DISH019', '水果拼盘', 18.00, 40, 'summer'),
       ('DISH020', '冰淇淋', 12.00, 50, 'summer');

-- 制作表数据
INSERT INTO Production (IngredientID, DishID, QuantityOfIngredient)
VALUES ('ING003', 'DISH001', 200), -- 鱼香肉丝需要200g猪肉
       ('ING010', 'DISH001', 150), -- 鱼香肉丝需要150g土豆
       ('ING012', 'DISH001', 100), -- 鱼香肉丝需要100g西红柿
       ('ING003', 'DISH002', 180), -- 宫保鸡丁需要180g鸡肉
       ('ING008', 'DISH011', 300), -- 饺子需要300g面粉
       ('ING003', 'DISH011', 200), -- 饺子需要200g猪肉
       ('ING011', 'DISH010', 150), -- 牛肉面需要150g牛肉
       ('ING008', 'DISH010', 200), -- 牛肉面需要200g面粉
       ('ING007', 'DISH004', 1),   -- 麻婆豆腐需要1块豆腐
       ('ING004', 'DISH006', 1),   -- 清蒸鱼需要1条鱼
       ('ING001', 'DISH007', 200), -- 炒青菜需要200g大白菜
       ('ING009', 'DISH008', 3),   -- 番茄炒蛋需要3个鸡蛋
       ('ING012', 'DISH008', 150), -- 番茄炒蛋需要150g西红柿
       ('ING010', 'DISH009', 250), -- 土豆丝需要250g土豆
       ('ING011', 'DISH005', 300), -- 红烧肉需要300g五花肉
       ('ING002', 'DISH003', 250), -- 糖醋排骨需要250g排骨
       ('ING019', 'DISH018', 200), -- 咖啡需要200ml牛奶
       ('ING005', 'DISH019', 150), -- 水果拼盘需要150g苹果
       ('ING020', 'DISH012', 1),   -- 汉堡需要1个面包
       ('ING003', 'DISH012', 100); -- 汉堡需要100g肉饼

-- 窗口表数据
INSERT INTO Window (WindowID, WindowName, Manager)
VALUES ('WIN001', '川湘风味', '张厨师'),
       ('WIN002', '粤式点心', '李厨师'),
       ('WIN003', '北方面食', '王厨师'),
       ('WIN004', '西式快餐', '赵厨师'),
       ('WIN005', '日韩料理', '刘厨师'),
       ('WIN006', '家常小炒', '陈厨师'),
       ('WIN007', '营养粥铺', '杨厨师'),
       ('WIN008', '清真食堂', '马厨师'),
       ('WIN009', '风味小吃', '郭厨师'),
       ('WIN010', '甜品饮料', '周厨师'),
       ('WIN011', '自助餐厅', '吴厨师'),
       ('WIN012', '火锅窗口', '郑厨师');

-- 出售表数据
INSERT INTO Sale (WindowID, DishID)
VALUES ('WIN001', 'DISH001'), -- 川湘风味窗口出售鱼香肉丝
       ('WIN001', 'DISH002'), -- 川湘风味窗口出售宫保鸡丁
       ('WIN001', 'DISH003'), -- 川湘风味窗口出售糖醋排骨
       ('WIN002', 'DISH011'), -- 粤式点心窗口出售饺子
       ('WIN003', 'DISH010'), -- 北方面食窗口出售牛肉面
       ('WIN004', 'DISH012'), -- 西式快餐窗口出售汉堡
       ('WIN004', 'DISH013'), -- 西式快餐窗口出售披萨
       ('WIN005', 'DISH014'), -- 日韩料理窗口出售寿司
       ('WIN006', 'DISH007'), -- 家常小炒窗口出售炒青菜
       ('WIN006', 'DISH008'), -- 家常小炒窗口出售番茄炒蛋
       ('WIN007', 'DISH018'), -- 营养粥铺窗口出售咖啡
       ('WIN008', 'DISH005'), -- 清真食堂窗口出售红烧肉
       ('WIN009', 'DISH009'), -- 风味小吃窗口出售土豆丝
       ('WIN010', 'DISH017'), -- 甜品饮料窗口出售奶茶
       ('WIN010', 'DISH019'), -- 甜品饮料窗口出售水果拼盘
       ('WIN010', 'DISH020'), -- 甜品饮料窗口出售冰淇淋
       ('WIN011', 'DISH001'), -- 自助餐厅窗口出售鱼香肉丝
       ('WIN011', 'DISH002'), -- 自助餐厅窗口出售宫保鸡丁
       ('WIN011', 'DISH004'), -- 自助餐厅窗口出售麻婆豆腐
       ('WIN012', 'DISH003'), -- 火锅窗口出售糖醋排骨
       ('WIN012', 'DISH005'); -- 火锅窗口出售红烧肉

-- 学生卡表数据
INSERT INTO StudentCard (CardID, Balance)
VALUES ('CARD001', 200.00),
       ('CARD002', 150.50),
       ('CARD003', 300.25),
       ('CARD004', 180.75),
       ('CARD005', 250.00),
       ('CARD006', 120.30),
       ('CARD007', 190.80),
       ('CARD008', 220.50),
       ('CARD009', 175.20),
       ('CARD010', 210.90),
       ('CARD011', 160.40),
       ('CARD012', 230.60),
       ('CARD013', 140.70),
       ('CARD014', 185.30),
       ('CARD015', 240.10),
       ('CARD016', 195.80),
       ('CARD017', 215.50),
       ('CARD018', 170.20),
       ('CARD019', 225.70),
       ('CARD020', 165.40);

-- 学生表数据
INSERT INTO Student (StudentID, Name, CardID)
VALUES ('STU001', '张三', 'CARD001'),
       ('STU002', '李四', 'CARD002'),
       ('STU003', '王五', 'CARD003'),
       ('STU004', '赵六', 'CARD004'),
       ('STU005', '钱七', 'CARD005'),
       ('STU006', '孙八', 'CARD006'),
       ('STU007', '周九', 'CARD007'),
       ('STU008', '吴十', 'CARD008'),
       ('STU009', '郑十一', 'CARD009'),
       ('STU010', '王十二', 'CARD010'),
       ('STU011', '陈十三', 'CARD011'),
       ('STU012', '李十四', 'CARD012'),
       ('STU013', '张十五', 'CARD013'),
       ('STU014', '刘十六', 'CARD014'),
       ('STU015', '黄十七', 'CARD015'),
       ('STU016', '周十八', 'CARD016'),
       ('STU017', '吴十九', 'CARD017'),
       ('STU018', '郑二十', 'CARD018'),
       ('STU019', '钱二一', 'CARD019'),
       ('STU020', '孙二二', 'CARD020');

-- 订单表数据
INSERT INTO OrderDetail (OrderID, OrderType, OrderTime, TotalAmount, CardID, WindowID)
VALUES ('ORD001', 'dining', '2025-05-15 11:34:22', 28.00, 'CARD001', 'WIN001'),
       ('ORD002', 'takeout', '2025-05-15 12:17:45', 16.00, 'CARD002', 'WIN003'),
       ('ORD003', 'dining', '2025-05-16 12:32:18', 38.00, 'CARD003', 'WIN001'),
       ('ORD004', 'takeout', '2025-05-16 13:05:33', 12.00, 'CARD004', 'WIN006'),
       ('ORD005', 'dining', '2025-05-17 13:19:57', 25.00, 'CARD005', 'WIN005'),
       ('ORD006', 'takeout', '2025-05-17 17:48:12', 22.00, 'CARD006', 'WIN004'),
       ('ORD007', 'dining', '2025-05-18 18:03:49', 30.00, 'CARD007', 'WIN004'),
       ('ORD008', 'takeout', '2025-05-18 18:37:24', 15.00, 'CARD008', 'WIN007'),
       ('ORD009', 'dining', '2025-05-19 19:02:56', 18.00, 'CARD009', 'WIN001'),
       ('ORD010', 'takeout', '2025-05-19 19:35:08', 16.00, 'CARD010', 'WIN002'),
       ('ORD011', 'dining', '2025-05-20 11:16:31', 20.00, 'CARD011', 'WIN008'),
       ('ORD012', 'takeout', '2025-05-20 11:49:55', 10.00, 'CARD012', 'WIN006'),
       ('ORD013', 'dining', '2025-05-21 12:07:13', 22.00, 'CARD013', 'WIN009'),
       ('ORD014', 'takeout', '2025-05-21 12:46:39', 18.00, 'CARD014', 'WIN010'),
       ('ORD015', 'dining', '2025-05-22 13:33:47', 28.00, 'CARD015', 'WIN001'),
       ('ORD016', 'takeout', '2025-05-22 17:32:51', 15.00, 'CARD016', 'WIN003'),
       ('ORD017', 'dining', '2025-05-23 18:14:06', 40.00, 'CARD017', 'WIN012'),
       ('ORD018', 'takeout', '2025-05-23 19:09:22', 22.00, 'CARD018', 'WIN004'),
       ('ORD019', 'dining', '2025-05-24 11:48:37', 16.00, 'CARD019', 'WIN002'),
       ('ORD020', 'takeout', '2025-05-24 12:36:53', 12.00, 'CARD020', 'WIN006');

-- 订单项目数据
INSERT INTO OrderItem (DishID, OrderID, QuantityOfDish)
VALUES ('DISH001', 'ORD001', 1), -- 订单1包含1份鱼香肉丝
       ('DISH007', 'ORD001', 1), -- 订单1包含1份炒青菜
       ('DISH010', 'ORD002', 1), -- 订单2包含1份牛肉面
       ('DISH003', 'ORD003', 1), -- 订单3包含1份糖醋排骨
       ('DISH004', 'ORD003', 2), -- 订单3包含2份麻婆豆腐
       ('DISH008', 'ORD004', 1), -- 订单4包含1份番茄炒蛋
       ('DISH014', 'ORD005', 1), -- 订单5包含1份寿司
       ('DISH016', 'ORD006', 2), -- 订单6包含2份炸鸡
       ('DISH013', 'ORD007', 1), -- 订单7包含1份披萨
       ('DISH018', 'ORD008', 1), -- 订单8包含1份咖啡
       ('DISH001', 'ORD009', 1), -- 订单9包含1份鱼香肉丝
       ('DISH011', 'ORD010', 2), -- 订单10包含2份饺子
       ('DISH005', 'ORD011', 1), -- 订单11包含1份红烧肉
       ('DISH008', 'ORD012', 1), -- 订单12包含1份番茄炒蛋
       ('DISH009', 'ORD013', 3), -- 订单13包含3份土豆丝
       ('DISH017', 'ORD014', 2), -- 订单14包含2份奶茶
       ('DISH001', 'ORD015', 1), -- 订单15包含1份鱼香肉丝
       ('DISH003', 'ORD015', 1), -- 订单15包含1份糖醋排骨
       ('DISH010', 'ORD016', 1), -- 订单16包含1份牛肉面
       ('DISH003', 'ORD017', 1), -- 订单17包含1份糖醋排骨
       ('DISH005', 'ORD017', 2), -- 订单17包含2份红烧肉
       ('DISH016', 'ORD018', 1), -- 订单18包含1份炸鸡
       ('DISH011', 'ORD019', 1), -- 订单19包含1份饺子
       ('DISH004', 'ORD020', 1); -- 订单20包含1份麻婆豆腐

-- 密码表数据 -> 在初始化文件内以加密形式添加
-- INSERT INTO Password (StudentID, AccountPassword)
-- VALUES ('STU001', 'PWD001'),
--        ('STU002', 'PWD002'),
--        ('STU003', 'PWD003'),
--        ('STU004', 'PWD004'),
--        ('STU005', 'PWD005'),
--        ('STU006', 'PWD006'),
--        ('STU007', 'PWD007'),
--        ('STU008', 'PWD008'),
--        ('STU009', 'PWD009'),
--        ('STU010', 'PWD010'),
--        ('STU011', 'PWD011'),
--        ('STU012', 'PWD012'),
--        ('STU013', 'PWD013'),
--        ('STU014', 'PWD014'),
--        ('STU015', 'PWD015'),
--        ('STU016', 'PWD016'),
--        ('STU017', 'PWD017'),
--        ('STU018', 'PWD018'),
--        ('STU019', 'PWD019'),
--        ('STU020', 'PWD020');
